Year,column_name,percent_na,percent_non_na
2001,Amortization & depletion th USD,100,0
2001,Amortization th USD,100,0
2001,Capital Expenditures th USD,99.21259842519686,0.7874015748031411
2001,Cash and cash equivalents th USD,100,0
2001,Cash flow [Net Income before D&A] th USD,100,0
2001,Depreciation th USD,99.21259842519686,0.7874015748031411
2001,Equity in Net Earnings/Loss th USD,100,0
2001,Financing Cash Flow Items th USD,100,0
2001,ISIN number,100,0
2001,Investment in real estate th USD,100,0
2001,Listing status,100,0
2001,Loans & Borrowings th USD,99.21259842519686,0.7874015748031411
2001,"Long Term Debt, Net th USD",99.21259842519686,0.7874015748031411
2001,Market price - Year to date - High USD,95.2755905511811,4.7244094488189035
2001,Market price - Year to date - Low USD,95.2755905511811,4.7244094488189035
2001,"NACE Rev. 2, core code (4 digits)",35.43307086614173,64.56692913385827
2001,Net Income th USD,99.21259842519686,0.7874015748031411
2001,Net assets th USD,99.21259842519686,0.7874015748031411
2001,Net debt th USD,99.21259842519686,0.7874015748031411
2001,No of companies in corporate group,0,100
2001,Number of directors & managers,0,100
2001,Number of employees,99.21259842519686,0.7874015748031411
2001,Operating revenue (Turnover) th USD,99.21259842519686,0.7874015748031411
2001,Other Investing Cash Flow th USD,100,0
2001,Other non-operating and financial income (expenses) th USD,100,0
2001,P/L for period [=Net income] th USD,99.21259842519686,0.7874015748031411
2001,Previous company name Latin Alphabet,100,0
2001,Purchase of Fixed Assets th USD,99.21259842519686,0.7874015748031411
2001,Purchase of Investments th USD,100,0
2001,Purchase/Acquisition of Intangibles th USD,100,0
2001,Shareholders funds th USD,100,0
2001,"Short Term Debt, Net th USD",99.21259842519686,0.7874015748031411
2001,Software Development Costs th USD,100,0
2001,Solvency ratio (Asset based),99.21259842519686,0.7874015748031411
2001,Tax Identification Number (TIN),85.8267716535433,14.173228346456696
2001,Total Cash from Financing Activities th USD,99.21259842519686,0.7874015748031411
2001,Total Debt Issued th USD,100,0
2001,Total assets th USD,99.21259842519686,0.7874015748031411
2001,Total liabilities th USD,99.21259842519686,0.7874015748031411
2001,"US SIC, primary code(s)",35.43307086614173,64.56692913385827
2001,VAT/Tax number,91.33858267716536,8.661417322834637
2001,datinc,30.708661417322837,69.29133858267716
2002,Amortization & depletion th USD,99.21259842519686,0.7874015748031411
2002,Amortization th USD,100,0
2002,Capital Expenditures th USD,99.21259842519686,0.7874015748031411
2002,Cash and cash equivalents th USD,100,0
2002,Cash flow [Net Income before D&A] th USD,100,0
2002,Depreciation th USD,99.21259842519686,0.7874015748031411
2002,Equity in Net Earnings/Loss th USD,100,0
2002,Financing Cash Flow Items th USD,99.21259842519686,0.7874015748031411
2002,ISIN number,100,0
2002,Investment in real estate th USD,100,0
2002,Listing status,100,0
2002,Loans & Borrowings th USD,99.21259842519686,0.7874015748031411
2002,"Long Term Debt, Net th USD",99.21259842519686,0.7874015748031411
2002,Market price - Year to date - High USD,95.2755905511811,4.7244094488189035
2002,Market price - Year to date - Low USD,95.2755905511811,4.7244094488189035
2002,"NACE Rev. 2, core code (4 digits)",35.43307086614173,64.56692913385827
2002,Net Income th USD,99.21259842519686,0.7874015748031411
2002,Net assets th USD,99.21259842519686,0.7874015748031411
2002,Net debt th USD,99.21259842519686,0.7874015748031411
2002,No of companies in corporate group,0,100
2002,Number of directors & managers,0,100
2002,Number of employees,99.21259842519686,0.7874015748031411
2002,Operating revenue (Turnover) th USD,99.21259842519686,0.7874015748031411
2002,Other Investing Cash Flow th USD,100,0
2002,Other non-operating and financial income (expenses) th USD,100,0
2002,P/L for period [=Net income] th USD,99.21259842519686,0.7874015748031411
2002,Previous company name Latin Alphabet,100,0
2002,Purchase of Fixed Assets th USD,99.21259842519686,0.7874015748031411
2002,Purchase of Investments th USD,99.21259842519686,0.7874015748031411
2002,Purchase/Acquisition of Intangibles th USD,99.21259842519686,0.7874015748031411
2002,Shareholders funds th USD,100,0
2002,"Short Term Debt, Net th USD",99.21259842519686,0.7874015748031411
2002,Software Development Costs th USD,100,0
2002,Solvency ratio (Asset based),99.21259842519686,0.7874015748031411
2002,Tax Identification Number (TIN),85.8267716535433,14.173228346456696
2002,Total Cash from Financing Activities th USD,99.21259842519686,0.7874015748031411
2002,Total Debt Issued th USD,100,0
2002,Total assets th USD,99.21259842519686,0.7874015748031411
2002,Total liabilities th USD,99.21259842519686,0.7874015748031411
2002,"US SIC, primary code(s)",35.43307086614173,64.56692913385827
2002,VAT/Tax number,91.33858267716536,8.661417322834637
2002,datinc,30.708661417322837,69.29133858267716
2003,Amortization & depletion th USD,99.21259842519686,0.7874015748031411
2003,Amortization th USD,100,0
2003,Capital Expenditures th USD,99.21259842519686,0.7874015748031411
2003,Cash and cash equivalents th USD,100,0
2003,Cash flow [Net Income before D&A] th USD,100,0
2003,Depreciation th USD,99.21259842519686,0.7874015748031411
2003,Equity in Net Earnings/Loss th USD,99.21259842519686,0.7874015748031411
2003,Financing Cash Flow Items th USD,99.21259842519686,0.7874015748031411
2003,ISIN number,100,0
2003,Investment in real estate th USD,100,0
2003,Listing status,100,0
2003,Loans & Borrowings th USD,99.21259842519686,0.7874015748031411
2003,"Long Term Debt, Net th USD",99.21259842519686,0.7874015748031411
2003,Market price - Year to date - High USD,95.2755905511811,4.7244094488189035
2003,Market price - Year to date - Low USD,95.2755905511811,4.7244094488189035
2003,"NACE Rev. 2, core code (4 digits)",35.43307086614173,64.56692913385827
2003,Net Income th USD,99.21259842519686,0.7874015748031411
2003,Net assets th USD,99.21259842519686,0.7874015748031411
2003,Net debt th USD,99.21259842519686,0.7874015748031411
2003,No of companies in corporate group,0,100
2003,Number of directors & managers,0,100
2003,Number of employees,99.21259842519686,0.7874015748031411
2003,Operating revenue (Turnover) th USD,99.21259842519686,0.7874015748031411
2003,Other Investing Cash Flow th USD,100,0
2003,Other non-operating and financial income (expenses) th USD,100,0
2003,P/L for period [=Net income] th USD,99.21259842519686,0.7874015748031411
2003,Previous company name Latin Alphabet,100,0
2003,Purchase of Fixed Assets th USD,99.21259842519686,0.7874015748031411
2003,Purchase of Investments th USD,99.21259842519686,0.7874015748031411
2003,Purchase/Acquisition of Intangibles th USD,99.21259842519686,0.7874015748031411
2003,Shareholders funds th USD,100,0
2003,"Short Term Debt, Net th USD",99.21259842519686,0.7874015748031411
2003,Software Development Costs th USD,100,0
2003,Solvency ratio (Asset based),99.21259842519686,0.7874015748031411
2003,Tax Identification Number (TIN),85.8267716535433,14.173228346456696
2003,Total Cash from Financing Activities th USD,99.21259842519686,0.7874015748031411
2003,Total Debt Issued th USD,100,0
2003,Total assets th USD,99.21259842519686,0.7874015748031411
2003,Total liabilities th USD,99.21259842519686,0.7874015748031411
2003,"US SIC, primary code(s)",35.43307086614173,64.56692913385827
2003,VAT/Tax number,91.33858267716536,8.661417322834637
2003,datinc,30.708661417322837,69.29133858267716
2004,Amortization & depletion th USD,99.21259842519686,0.7874015748031411
2004,Amortization th USD,100,0
2004,Capital Expenditures th USD,99.21259842519686,0.7874015748031411
2004,Cash and cash equivalents th USD,100,0
2004,Cash flow [Net Income before D&A] th USD,100,0
2004,Depreciation th USD,99.21259842519686,0.7874015748031411
2004,Equity in Net Earnings/Loss th USD,99.21259842519686,0.7874015748031411
2004,Financing Cash Flow Items th USD,99.21259842519686,0.7874015748031411
2004,ISIN number,100,0
2004,Investment in real estate th USD,100,0
2004,Listing status,100,0
2004,Loans & Borrowings th USD,99.21259842519686,0.7874015748031411
2004,"Long Term Debt, Net th USD",99.21259842519686,0.7874015748031411
2004,Market price - Year to date - High USD,95.2755905511811,4.7244094488189035
2004,Market price - Year to date - Low USD,95.2755905511811,4.7244094488189035
2004,"NACE Rev. 2, core code (4 digits)",35.43307086614173,64.56692913385827
2004,Net Income th USD,99.21259842519686,0.7874015748031411
2004,Net assets th USD,99.21259842519686,0.7874015748031411
2004,Net debt th USD,99.21259842519686,0.7874015748031411
2004,No of companies in corporate group,0,100
2004,Number of directors & managers,0,100
2004,Number of employees,99.21259842519686,0.7874015748031411
2004,Operating revenue (Turnover) th USD,99.21259842519686,0.7874015748031411
2004,Other Investing Cash Flow th USD,99.21259842519686,0.7874015748031411
2004,Other non-operating and financial income (expenses) th USD,100,0
2004,P/L for period [=Net income] th USD,99.21259842519686,0.7874015748031411
2004,Previous company name Latin Alphabet,100,0
2004,Purchase of Fixed Assets th USD,99.21259842519686,0.7874015748031411
2004,Purchase of Investments th USD,99.21259842519686,0.7874015748031411
2004,Purchase/Acquisition of Intangibles th USD,99.21259842519686,0.7874015748031411
2004,Shareholders funds th USD,100,0
2004,"Short Term Debt, Net th USD",99.21259842519686,0.7874015748031411
2004,Software Development Costs th USD,100,0
2004,Solvency ratio (Asset based),99.21259842519686,0.7874015748031411
2004,Tax Identification Number (TIN),85.8267716535433,14.173228346456696
2004,Total Cash from Financing Activities th USD,99.21259842519686,0.7874015748031411
2004,Total Debt Issued th USD,100,0
2004,Total assets th USD,99.21259842519686,0.7874015748031411
2004,Total liabilities th USD,99.21259842519686,0.7874015748031411
2004,"US SIC, primary code(s)",35.43307086614173,64.56692913385827
2004,VAT/Tax number,91.33858267716536,8.661417322834637
2004,datinc,30.708661417322837,69.29133858267716
2005,Amortization & depletion th USD,99.21259842519686,0.7874015748031411
2005,Amortization th USD,99.21259842519686,0.7874015748031411
2005,Capital Expenditures th USD,99.21259842519686,0.7874015748031411
2005,Cash and cash equivalents th USD,100,0
2005,Cash flow [Net Income before D&A] th USD,100,0
2005,Depreciation th USD,98.4251968503937,1.5748031496062964
2005,Equity in Net Earnings/Loss th USD,98.4251968503937,1.5748031496062964
2005,Financing Cash Flow Items th USD,99.21259842519686,0.7874015748031411
2005,ISIN number,100,0
2005,Investment in real estate th USD,100,0
2005,Listing status,100,0
2005,Loans & Borrowings th USD,99.21259842519686,0.7874015748031411
2005,"Long Term Debt, Net th USD",98.4251968503937,1.5748031496062964
2005,Market price - Year to date - High USD,95.2755905511811,4.7244094488189035
2005,Market price - Year to date - Low USD,95.2755905511811,4.7244094488189035
2005,"NACE Rev. 2, core code (4 digits)",35.43307086614173,64.56692913385827
2005,Net Income th USD,98.4251968503937,1.5748031496062964
2005,Net assets th USD,97.63779527559055,2.3622047244094517
2005,Net debt th USD,97.63779527559055,2.3622047244094517
2005,No of companies in corporate group,0,100
2005,Number of directors & managers,0,100
2005,Number of employees,98.4251968503937,1.5748031496062964
2005,Operating revenue (Turnover) th USD,97.63779527559055,2.3622047244094517
2005,Other Investing Cash Flow th USD,98.4251968503937,1.5748031496062964
2005,Other non-operating and financial income (expenses) th USD,98.4251968503937,1.5748031496062964
2005,P/L for period [=Net income] th USD,97.63779527559055,2.3622047244094517
2005,Previous company name Latin Alphabet,100,0
2005,Purchase of Fixed Assets th USD,99.21259842519686,0.7874015748031411
2005,Purchase of Investments th USD,99.21259842519686,0.7874015748031411
2005,Purchase/Acquisition of Intangibles th USD,100,0
2005,Shareholders funds th USD,100,0
2005,"Short Term Debt, Net th USD",99.21259842519686,0.7874015748031411
2005,Software Development Costs th USD,100,0
2005,Solvency ratio (Asset based),97.63779527559055,2.3622047244094517
2005,Tax Identification Number (TIN),85.8267716535433,14.173228346456696
2005,Total Cash from Financing Activities th USD,98.4251968503937,1.5748031496062964
2005,Total Debt Issued th USD,100,0
2005,Total assets th USD,97.63779527559055,2.3622047244094517
2005,Total liabilities th USD,97.63779527559055,2.3622047244094517
2005,"US SIC, primary code(s)",35.43307086614173,64.56692913385827
2005,VAT/Tax number,91.33858267716536,8.661417322834637
2005,datinc,30.708661417322837,69.29133858267716
2006,Amortization & depletion th USD,99.21259842519686,0.7874015748031411
2006,Amortization th USD,99.21259842519686,0.7874015748031411
2006,Capital Expenditures th USD,99.21259842519686,0.7874015748031411
2006,Cash and cash equivalents th USD,100,0
2006,Cash flow [Net Income before D&A] th USD,100,0
2006,Depreciation th USD,98.4251968503937,1.5748031496062964
2006,Equity in Net Earnings/Loss th USD,98.4251968503937,1.5748031496062964
2006,Financing Cash Flow Items th USD,99.21259842519686,0.7874015748031411
2006,ISIN number,100,0
2006,Investment in real estate th USD,100,0
2006,Listing status,100,0
2006,Loans & Borrowings th USD,99.21259842519686,0.7874015748031411
2006,"Long Term Debt, Net th USD",98.4251968503937,1.5748031496062964
2006,Market price - Year to date - High USD,95.2755905511811,4.7244094488189035
2006,Market price - Year to date - Low USD,95.2755905511811,4.7244094488189035
2006,"NACE Rev. 2, core code (4 digits)",35.43307086614173,64.56692913385827
2006,Net Income th USD,98.4251968503937,1.5748031496062964
2006,Net assets th USD,97.63779527559055,2.3622047244094517
2006,Net debt th USD,97.63779527559055,2.3622047244094517
2006,No of companies in corporate group,0,100
2006,Number of directors & managers,0,100
2006,Number of employees,98.4251968503937,1.5748031496062964
2006,Operating revenue (Turnover) th USD,97.63779527559055,2.3622047244094517
2006,Other Investing Cash Flow th USD,98.4251968503937,1.5748031496062964
2006,Other non-operating and financial income (expenses) th USD,98.4251968503937,1.5748031496062964
2006,P/L for period [=Net income] th USD,97.63779527559055,2.3622047244094517
2006,Previous company name Latin Alphabet,100,0
2006,Purchase of Fixed Assets th USD,99.21259842519686,0.7874015748031411
2006,Purchase of Investments th USD,99.21259842519686,0.7874015748031411
2006,Purchase/Acquisition of Intangibles th USD,100,0
2006,Shareholders funds th USD,100,0
2006,"Short Term Debt, Net th USD",100,0
2006,Software Development Costs th USD,100,0
2006,Solvency ratio (Asset based),97.63779527559055,2.3622047244094517
2006,Tax Identification Number (TIN),85.8267716535433,14.173228346456696
2006,Total Cash from Financing Activities th USD,98.4251968503937,1.5748031496062964
2006,Total Debt Issued th USD,100,0
2006,Total assets th USD,97.63779527559055,2.3622047244094517
2006,Total liabilities th USD,97.63779527559055,2.3622047244094517
2006,"US SIC, primary code(s)",35.43307086614173,64.56692913385827
2006,VAT/Tax number,91.33858267716536,8.661417322834637
2006,datinc,30.708661417322837,69.29133858267716
2007,Amortization & depletion th USD,99.21259842519686,0.7874015748031411
2007,Amortization th USD,99.21259842519686,0.7874015748031411
2007,Capital Expenditures th USD,99.21259842519686,0.7874015748031411
2007,Cash and cash equivalents th USD,100,0
2007,Cash flow [Net Income before D&A] th USD,100,0
2007,Depreciation th USD,98.4251968503937,1.5748031496062964
2007,Equity in Net Earnings/Loss th USD,99.21259842519686,0.7874015748031411
2007,Financing Cash Flow Items th USD,99.21259842519686,0.7874015748031411
2007,ISIN number,100,0
2007,Investment in real estate th USD,100,0
2007,Listing status,100,0
2007,Loans & Borrowings th USD,100,0
2007,"Long Term Debt, Net th USD",98.4251968503937,1.5748031496062964
2007,Market price - Year to date - High USD,95.2755905511811,4.7244094488189035
2007,Market price - Year to date - Low USD,95.2755905511811,4.7244094488189035
2007,"NACE Rev. 2, core code (4 digits)",35.43307086614173,64.56692913385827
2007,Net Income th USD,98.4251968503937,1.5748031496062964
2007,Net assets th USD,97.63779527559055,2.3622047244094517
2007,Net debt th USD,97.63779527559055,2.3622047244094517
2007,No of companies in corporate group,0,100
2007,Number of directors & managers,0,100
2007,Number of employees,98.4251968503937,1.5748031496062964
2007,Operating revenue (Turnover) th USD,97.63779527559055,2.3622047244094517
2007,Other Investing Cash Flow th USD,98.4251968503937,1.5748031496062964
2007,Other non-operating and financial income (expenses) th USD,97.63779527559055,2.3622047244094517
2007,P/L for period [=Net income] th USD,97.63779527559055,2.3622047244094517
2007,Previous company name Latin Alphabet,100,0
2007,Purchase of Fixed Assets th USD,99.21259842519686,0.7874015748031411
2007,Purchase of Investments th USD,98.4251968503937,1.5748031496062964
2007,Purchase/Acquisition of Intangibles th USD,100,0
2007,Shareholders funds th USD,100,0
2007,"Short Term Debt, Net th USD",99.21259842519686,0.7874015748031411
2007,Software Development Costs th USD,100,0
2007,Solvency ratio (Asset based),97.63779527559055,2.3622047244094517
2007,Tax Identification Number (TIN),85.8267716535433,14.173228346456696
2007,Total Cash from Financing Activities th USD,98.4251968503937,1.5748031496062964
2007,Total Debt Issued th USD,100,0
2007,Total assets th USD,97.63779527559055,2.3622047244094517
2007,Total liabilities th USD,97.63779527559055,2.3622047244094517
2007,"US SIC, primary code(s)",35.43307086614173,64.56692913385827
2007,VAT/Tax number,91.33858267716536,8.661417322834637
2007,datinc,30.708661417322837,69.29133858267716
2008,Amortization & depletion th USD,97.63779527559055,2.3622047244094517
2008,Amortization th USD,99.21259842519686,0.7874015748031411
2008,Capital Expenditures th USD,99.21259842519686,0.7874015748031411
2008,Cash and cash equivalents th USD,100,0
2008,Cash flow [Net Income before D&A] th USD,100,0
2008,Depreciation th USD,98.4251968503937,1.5748031496062964
2008,Equity in Net Earnings/Loss th USD,98.4251968503937,1.5748031496062964
2008,Financing Cash Flow Items th USD,99.21259842519686,0.7874015748031411
2008,ISIN number,100,0
2008,Investment in real estate th USD,100,0
2008,Listing status,100,0
2008,Loans & Borrowings th USD,99.21259842519686,0.7874015748031411
2008,"Long Term Debt, Net th USD",98.4251968503937,1.5748031496062964
2008,Market price - Year to date - High USD,95.2755905511811,4.7244094488189035
2008,Market price - Year to date - Low USD,95.2755905511811,4.7244094488189035
2008,"NACE Rev. 2, core code (4 digits)",35.43307086614173,64.56692913385827
2008,Net Income th USD,98.4251968503937,1.5748031496062964
2008,Net assets th USD,97.63779527559055,2.3622047244094517
2008,Net debt th USD,97.63779527559055,2.3622047244094517
2008,No of companies in corporate group,0,100
2008,Number of directors & managers,0,100
2008,Number of employees,98.4251968503937,1.5748031496062964
2008,Operating revenue (Turnover) th USD,97.63779527559055,2.3622047244094517
2008,Other Investing Cash Flow th USD,98.4251968503937,1.5748031496062964
2008,Other non-operating and financial income (expenses) th USD,98.4251968503937,1.5748031496062964
2008,P/L for period [=Net income] th USD,97.63779527559055,2.3622047244094517
2008,Previous company name Latin Alphabet,100,0
2008,Purchase of Fixed Assets th USD,99.21259842519686,0.7874015748031411
2008,Purchase of Investments th USD,98.4251968503937,1.5748031496062964
2008,Purchase/Acquisition of Intangibles th USD,100,0
2008,Shareholders funds th USD,100,0
2008,"Short Term Debt, Net th USD",99.21259842519686,0.7874015748031411
2008,Software Development Costs th USD,100,0
2008,Solvency ratio (Asset based),97.63779527559055,2.3622047244094517
2008,Tax Identification Number (TIN),85.8267716535433,14.173228346456696
2008,Total Cash from Financing Activities th USD,98.4251968503937,1.5748031496062964
2008,Total Debt Issued th USD,100,0
2008,Total assets th USD,97.63779527559055,2.3622047244094517
2008,Total liabilities th USD,97.63779527559055,2.3622047244094517
2008,"US SIC, primary code(s)",35.43307086614173,64.56692913385827
2008,VAT/Tax number,91.33858267716536,8.661417322834637
2008,datinc,30.708661417322837,69.29133858267716
2009,Amortization & depletion th USD,97.63779527559055,2.3622047244094517
2009,Amortization th USD,99.21259842519686,0.7874015748031411
2009,Capital Expenditures th USD,99.21259842519686,0.7874015748031411
2009,Cash and cash equivalents th USD,100,0
2009,Cash flow [Net Income before D&A] th USD,100,0
2009,Depreciation th USD,98.4251968503937,1.5748031496062964
2009,Equity in Net Earnings/Loss th USD,98.4251968503937,1.5748031496062964
2009,Financing Cash Flow Items th USD,98.4251968503937,1.5748031496062964
2009,ISIN number,100,0
2009,Investment in real estate th USD,100,0
2009,Listing status,100,0
2009,Loans & Borrowings th USD,99.21259842519686,0.7874015748031411
2009,"Long Term Debt, Net th USD",98.4251968503937,1.5748031496062964
2009,Market price - Year to date - High USD,95.2755905511811,4.7244094488189035
2009,Market price - Year to date - Low USD,95.2755905511811,4.7244094488189035
2009,"NACE Rev. 2, core code (4 digits)",35.43307086614173,64.56692913385827
2009,Net Income th USD,98.4251968503937,1.5748031496062964
2009,Net assets th USD,97.63779527559055,2.3622047244094517
2009,Net debt th USD,97.63779527559055,2.3622047244094517
2009,No of companies in corporate group,0,100
2009,Number of directors & managers,0,100
2009,Number of employees,98.4251968503937,1.5748031496062964
2009,Operating revenue (Turnover) th USD,97.63779527559055,2.3622047244094517
2009,Other Investing Cash Flow th USD,98.4251968503937,1.5748031496062964
2009,Other non-operating and financial income (expenses) th USD,97.63779527559055,2.3622047244094517
2009,P/L for period [=Net income] th USD,97.63779527559055,2.3622047244094517
2009,Previous company name Latin Alphabet,100,0
2009,Purchase of Fixed Assets th USD,99.21259842519686,0.7874015748031411
2009,Purchase of Investments th USD,98.4251968503937,1.5748031496062964
2009,Purchase/Acquisition of Intangibles th USD,100,0
2009,Shareholders funds th USD,100,0
2009,"Short Term Debt, Net th USD",99.21259842519686,0.7874015748031411
2009,Software Development Costs th USD,100,0
2009,Solvency ratio (Asset based),97.63779527559055,2.3622047244094517
2009,Tax Identification Number (TIN),85.8267716535433,14.173228346456696
2009,Total Cash from Financing Activities th USD,98.4251968503937,1.5748031496062964
2009,Total Debt Issued th USD,100,0
2009,Total assets th USD,97.63779527559055,2.3622047244094517
2009,Total liabilities th USD,97.63779527559055,2.3622047244094517
2009,"US SIC, primary code(s)",35.43307086614173,64.56692913385827
2009,VAT/Tax number,91.33858267716536,8.661417322834637
2009,datinc,30.708661417322837,69.29133858267716
2010,Amortization & depletion th USD,97.63779527559055,2.3622047244094517
2010,Amortization th USD,99.21259842519686,0.7874015748031411
2010,Capital Expenditures th USD,99.21259842519686,0.7874015748031411
2010,Cash and cash equivalents th USD,100,0
2010,Cash flow [Net Income before D&A] th USD,100,0
2010,Depreciation th USD,97.63779527559055,2.3622047244094517
2010,Equity in Net Earnings/Loss th USD,98.4251968503937,1.5748031496062964
2010,Financing Cash Flow Items th USD,98.4251968503937,1.5748031496062964
2010,ISIN number,100,0
2010,Investment in real estate th USD,100,0
2010,Listing status,100,0
2010,Loans & Borrowings th USD,99.21259842519686,0.7874015748031411
2010,"Long Term Debt, Net th USD",99.21259842519686,0.7874015748031411
2010,Market price - Year to date - High USD,95.2755905511811,4.7244094488189035
2010,Market price - Year to date - Low USD,95.2755905511811,4.7244094488189035
2010,"NACE Rev. 2, core code (4 digits)",35.43307086614173,64.56692913385827
2010,Net Income th USD,98.4251968503937,1.5748031496062964
2010,Net assets th USD,97.63779527559055,2.3622047244094517
2010,Net debt th USD,97.63779527559055,2.3622047244094517
2010,No of companies in corporate group,0,100
2010,Number of directors & managers,0,100
2010,Number of employees,98.4251968503937,1.5748031496062964
2010,Operating revenue (Turnover) th USD,97.63779527559055,2.3622047244094517
2010,Other Investing Cash Flow th USD,98.4251968503937,1.5748031496062964
2010,Other non-operating and financial income (expenses) th USD,97.63779527559055,2.3622047244094517
2010,P/L for period [=Net income] th USD,97.63779527559055,2.3622047244094517
2010,Previous company name Latin Alphabet,100,0
2010,Purchase of Fixed Assets th USD,99.21259842519686,0.7874015748031411
2010,Purchase of Investments th USD,98.4251968503937,1.5748031496062964
2010,Purchase/Acquisition of Intangibles th USD,100,0
2010,Shareholders funds th USD,100,0
2010,"Short Term Debt, Net th USD",99.21259842519686,0.7874015748031411
2010,Software Development Costs th USD,100,0
2010,Solvency ratio (Asset based),97.63779527559055,2.3622047244094517
2010,Tax Identification Number (TIN),85.8267716535433,14.173228346456696
2010,Total Cash from Financing Activities th USD,98.4251968503937,1.5748031496062964
2010,Total Debt Issued th USD,100,0
2010,Total assets th USD,97.63779527559055,2.3622047244094517
2010,Total liabilities th USD,97.63779527559055,2.3622047244094517
2010,"US SIC, primary code(s)",35.43307086614173,64.56692913385827
2010,VAT/Tax number,91.33858267716536,8.661417322834637
2010,datinc,30.708661417322837,69.29133858267716
2011,Amortization & depletion th USD,97.63779527559055,2.3622047244094517
2011,Amortization th USD,99.21259842519686,0.7874015748031411
2011,Capital Expenditures th USD,99.21259842519686,0.7874015748031411
2011,Cash and cash equivalents th USD,100,0
2011,Cash flow [Net Income before D&A] th USD,100,0
2011,Depreciation th USD,97.63779527559055,2.3622047244094517
2011,Equity in Net Earnings/Loss th USD,98.4251968503937,1.5748031496062964
2011,Financing Cash Flow Items th USD,98.4251968503937,1.5748031496062964
2011,ISIN number,100,0
2011,Investment in real estate th USD,100,0
2011,Listing status,100,0
2011,Loans & Borrowings th USD,99.21259842519686,0.7874015748031411
2011,"Long Term Debt, Net th USD",99.21259842519686,0.7874015748031411
2011,Market price - Year to date - High USD,95.2755905511811,4.7244094488189035
2011,Market price - Year to date - Low USD,95.2755905511811,4.7244094488189035
2011,"NACE Rev. 2, core code (4 digits)",35.43307086614173,64.56692913385827
2011,Net Income th USD,98.4251968503937,1.5748031496062964
2011,Net assets th USD,97.63779527559055,2.3622047244094517
2011,Net debt th USD,97.63779527559055,2.3622047244094517
2011,No of companies in corporate group,0,100
2011,Number of directors & managers,0,100
2011,Number of employees,98.4251968503937,1.5748031496062964
2011,Operating revenue (Turnover) th USD,97.63779527559055,2.3622047244094517
2011,Other Investing Cash Flow th USD,98.4251968503937,1.5748031496062964
2011,Other non-operating and financial income (expenses) th USD,98.4251968503937,1.5748031496062964
2011,P/L for period [=Net income] th USD,97.63779527559055,2.3622047244094517
2011,Previous company name Latin Alphabet,100,0
2011,Purchase of Fixed Assets th USD,99.21259842519686,0.7874015748031411
2011,Purchase of Investments th USD,98.4251968503937,1.5748031496062964
2011,Purchase/Acquisition of Intangibles th USD,100,0
2011,Shareholders funds th USD,100,0
2011,"Short Term Debt, Net th USD",99.21259842519686,0.7874015748031411
2011,Software Development Costs th USD,100,0
2011,Solvency ratio (Asset based),97.63779527559055,2.3622047244094517
2011,Tax Identification Number (TIN),85.8267716535433,14.173228346456696
2011,Total Cash from Financing Activities th USD,98.4251968503937,1.5748031496062964
2011,Total Debt Issued th USD,100,0
2011,Total assets th USD,97.63779527559055,2.3622047244094517
2011,Total liabilities th USD,97.63779527559055,2.3622047244094517
2011,"US SIC, primary code(s)",35.43307086614173,64.56692913385827
2011,VAT/Tax number,91.33858267716536,8.661417322834637
2011,datinc,30.708661417322837,69.29133858267716
2012,Amortization & depletion th USD,97.63779527559055,2.3622047244094517
2012,Amortization th USD,99.21259842519686,0.7874015748031411
2012,Capital Expenditures th USD,99.21259842519686,0.7874015748031411
2012,Cash and cash equivalents th USD,100,0
2012,Cash flow [Net Income before D&A] th USD,100,0
2012,Depreciation th USD,97.63779527559055,2.3622047244094517
2012,Equity in Net Earnings/Loss th USD,98.4251968503937,1.5748031496062964
2012,Financing Cash Flow Items th USD,98.4251968503937,1.5748031496062964
2012,ISIN number,100,0
2012,Investment in real estate th USD,100,0
2012,Listing status,100,0
2012,Loans & Borrowings th USD,99.21259842519686,0.7874015748031411
2012,"Long Term Debt, Net th USD",99.21259842519686,0.7874015748031411
2012,Market price - Year to date - High USD,95.2755905511811,4.7244094488189035
2012,Market price - Year to date - Low USD,95.2755905511811,4.7244094488189035
2012,"NACE Rev. 2, core code (4 digits)",35.43307086614173,64.56692913385827
2012,Net Income th USD,98.4251968503937,1.5748031496062964
2012,Net assets th USD,97.63779527559055,2.3622047244094517
2012,Net debt th USD,97.63779527559055,2.3622047244094517
2012,No of companies in corporate group,0,100
2012,Number of directors & managers,0,100
2012,Number of employees,98.4251968503937,1.5748031496062964
2012,Operating revenue (Turnover) th USD,97.63779527559055,2.3622047244094517
2012,Other Investing Cash Flow th USD,98.4251968503937,1.5748031496062964
2012,Other non-operating and financial income (expenses) th USD,98.4251968503937,1.5748031496062964
2012,P/L for period [=Net income] th USD,97.63779527559055,2.3622047244094517
2012,Previous company name Latin Alphabet,100,0
2012,Purchase of Fixed Assets th USD,99.21259842519686,0.7874015748031411
2012,Purchase of Investments th USD,98.4251968503937,1.5748031496062964
2012,Purchase/Acquisition of Intangibles th USD,100,0
2012,Shareholders funds th USD,100,0
2012,"Short Term Debt, Net th USD",99.21259842519686,0.7874015748031411
2012,Software Development Costs th USD,100,0
2012,Solvency ratio (Asset based),97.63779527559055,2.3622047244094517
2012,Tax Identification Number (TIN),85.8267716535433,14.173228346456696
2012,Total Cash from Financing Activities th USD,98.4251968503937,1.5748031496062964
2012,Total Debt Issued th USD,100,0
2012,Total assets th USD,97.63779527559055,2.3622047244094517
2012,Total liabilities th USD,97.63779527559055,2.3622047244094517
2012,"US SIC, primary code(s)",35.43307086614173,64.56692913385827
2012,VAT/Tax number,91.33858267716536,8.661417322834637
2012,datinc,30.708661417322837,69.29133858267716
2013,Amortization & depletion th USD,97.63779527559055,2.3622047244094517
2013,Amortization th USD,99.21259842519686,0.7874015748031411
2013,Capital Expenditures th USD,99.21259842519686,0.7874015748031411
2013,Cash and cash equivalents th USD,100,0
2013,Cash flow [Net Income before D&A] th USD,100,0
2013,Depreciation th USD,97.63779527559055,2.3622047244094517
2013,Equity in Net Earnings/Loss th USD,98.4251968503937,1.5748031496062964
2013,Financing Cash Flow Items th USD,98.4251968503937,1.5748031496062964
2013,ISIN number,100,0
2013,Investment in real estate th USD,100,0
2013,Listing status,100,0
2013,Loans & Borrowings th USD,100,0
2013,"Long Term Debt, Net th USD",99.21259842519686,0.7874015748031411
2013,Market price - Year to date - High USD,95.2755905511811,4.7244094488189035
2013,Market price - Year to date - Low USD,95.2755905511811,4.7244094488189035
2013,"NACE Rev. 2, core code (4 digits)",35.43307086614173,64.56692913385827
2013,Net Income th USD,98.4251968503937,1.5748031496062964
2013,Net assets th USD,97.63779527559055,2.3622047244094517
2013,Net debt th USD,97.63779527559055,2.3622047244094517
2013,No of companies in corporate group,0,100
2013,Number of directors & managers,0,100
2013,Number of employees,98.4251968503937,1.5748031496062964
2013,Operating revenue (Turnover) th USD,97.63779527559055,2.3622047244094517
2013,Other Investing Cash Flow th USD,98.4251968503937,1.5748031496062964
2013,Other non-operating and financial income (expenses) th USD,98.4251968503937,1.5748031496062964
2013,P/L for period [=Net income] th USD,97.63779527559055,2.3622047244094517
2013,Previous company name Latin Alphabet,100,0
2013,Purchase of Fixed Assets th USD,99.21259842519686,0.7874015748031411
2013,Purchase of Investments th USD,98.4251968503937,1.5748031496062964
2013,Purchase/Acquisition of Intangibles th USD,100,0
2013,Shareholders funds th USD,100,0
2013,"Short Term Debt, Net th USD",99.21259842519686,0.7874015748031411
2013,Software Development Costs th USD,100,0
2013,Solvency ratio (Asset based),97.63779527559055,2.3622047244094517
2013,Tax Identification Number (TIN),85.8267716535433,14.173228346456696
2013,Total Cash from Financing Activities th USD,98.4251968503937,1.5748031496062964
2013,Total Debt Issued th USD,100,0
2013,Total assets th USD,97.63779527559055,2.3622047244094517
2013,Total liabilities th USD,97.63779527559055,2.3622047244094517
2013,"US SIC, primary code(s)",35.43307086614173,64.56692913385827
2013,VAT/Tax number,91.33858267716536,8.661417322834637
2013,datinc,30.708661417322837,69.29133858267716
2014,Amortization & depletion th USD,96.8503937007874,3.149606299212607
2014,Amortization th USD,99.21259842519686,0.7874015748031411
2014,Capital Expenditures th USD,99.21259842519686,0.7874015748031411
2014,Cash and cash equivalents th USD,100,0
2014,Cash flow [Net Income before D&A] th USD,100,0
2014,Depreciation th USD,96.8503937007874,3.149606299212607
2014,Equity in Net Earnings/Loss th USD,98.4251968503937,1.5748031496062964
2014,Financing Cash Flow Items th USD,99.21259842519686,0.7874015748031411
2014,ISIN number,100,0
2014,Investment in real estate th USD,100,0
2014,Listing status,100,0
2014,Loans & Borrowings th USD,99.21259842519686,0.7874015748031411
2014,"Long Term Debt, Net th USD",99.21259842519686,0.7874015748031411
2014,Market price - Year to date - High USD,95.2755905511811,4.7244094488189035
2014,Market price - Year to date - Low USD,95.2755905511811,4.7244094488189035
2014,"NACE Rev. 2, core code (4 digits)",35.43307086614173,64.56692913385827
2014,Net Income th USD,98.4251968503937,1.5748031496062964
2014,Net assets th USD,96.8503937007874,3.149606299212607
2014,Net debt th USD,96.8503937007874,3.149606299212607
2014,No of companies in corporate group,0,100
2014,Number of directors & managers,0,100
2014,Number of employees,97.63779527559055,2.3622047244094517
2014,Operating revenue (Turnover) th USD,96.8503937007874,3.149606299212607
2014,Other Investing Cash Flow th USD,98.4251968503937,1.5748031496062964
2014,Other non-operating and financial income (expenses) th USD,97.63779527559055,2.3622047244094517
2014,P/L for period [=Net income] th USD,96.8503937007874,3.149606299212607
2014,Previous company name Latin Alphabet,100,0
2014,Purchase of Fixed Assets th USD,99.21259842519686,0.7874015748031411
2014,Purchase of Investments th USD,98.4251968503937,1.5748031496062964
2014,Purchase/Acquisition of Intangibles th USD,100,0
2014,Shareholders funds th USD,100,0
2014,"Short Term Debt, Net th USD",100,0
2014,Software Development Costs th USD,100,0
2014,Solvency ratio (Asset based),96.8503937007874,3.149606299212607
2014,Tax Identification Number (TIN),85.8267716535433,14.173228346456696
2014,Total Cash from Financing Activities th USD,98.4251968503937,1.5748031496062964
2014,Total Debt Issued th USD,100,0
2014,Total assets th USD,96.8503937007874,3.149606299212607
2014,Total liabilities th USD,96.8503937007874,3.149606299212607
2014,"US SIC, primary code(s)",35.43307086614173,64.56692913385827
2014,VAT/Tax number,91.33858267716536,8.661417322834637
2014,datinc,30.708661417322837,69.29133858267716
2015,Amortization & depletion th USD,96.8503937007874,3.149606299212607
2015,Amortization th USD,99.21259842519686,0.7874015748031411
2015,Capital Expenditures th USD,99.21259842519686,0.7874015748031411
2015,Cash and cash equivalents th USD,100,0
2015,Cash flow [Net Income before D&A] th USD,100,0
2015,Depreciation th USD,96.8503937007874,3.149606299212607
2015,Equity in Net Earnings/Loss th USD,98.4251968503937,1.5748031496062964
2015,Financing Cash Flow Items th USD,99.21259842519686,0.7874015748031411
2015,ISIN number,100,0
2015,Investment in real estate th USD,100,0
2015,Listing status,100,0
2015,Loans & Borrowings th USD,99.21259842519686,0.7874015748031411
2015,"Long Term Debt, Net th USD",99.21259842519686,0.7874015748031411
2015,Market price - Year to date - High USD,95.2755905511811,4.7244094488189035
2015,Market price - Year to date - Low USD,95.2755905511811,4.7244094488189035
2015,"NACE Rev. 2, core code (4 digits)",35.43307086614173,64.56692913385827
2015,Net Income th USD,98.4251968503937,1.5748031496062964
2015,Net assets th USD,96.8503937007874,3.149606299212607
2015,Net debt th USD,96.8503937007874,3.149606299212607
2015,No of companies in corporate group,0,100
2015,Number of directors & managers,0,100
2015,Number of employees,89.76377952755905,10.236220472440948
2015,Operating revenue (Turnover) th USD,88.18897637795276,11.811023622047244
2015,Other Investing Cash Flow th USD,98.4251968503937,1.5748031496062964
2015,Other non-operating and financial income (expenses) th USD,97.63779527559055,2.3622047244094517
2015,P/L for period [=Net income] th USD,88.9763779527559,11.023622047244103
2015,Previous company name Latin Alphabet,100,0
2015,Purchase of Fixed Assets th USD,99.21259842519686,0.7874015748031411
2015,Purchase of Investments th USD,98.4251968503937,1.5748031496062964
2015,Purchase/Acquisition of Intangibles th USD,100,0
2015,Shareholders funds th USD,100,0
2015,"Short Term Debt, Net th USD",100,0
2015,Software Development Costs th USD,100,0
2015,Solvency ratio (Asset based),85.8267716535433,14.173228346456696
2015,Tax Identification Number (TIN),85.8267716535433,14.173228346456696
2015,Total Cash from Financing Activities th USD,98.4251968503937,1.5748031496062964
2015,Total Debt Issued th USD,100,0
2015,Total assets th USD,85.03937007874016,14.960629921259837
2015,Total liabilities th USD,96.8503937007874,3.149606299212607
2015,"US SIC, primary code(s)",35.43307086614173,64.56692913385827
2015,VAT/Tax number,91.33858267716536,8.661417322834637
2015,datinc,30.708661417322837,69.29133858267716
2016,Amortization & depletion th USD,96.8503937007874,3.149606299212607
2016,Amortization th USD,99.21259842519686,0.7874015748031411
2016,Capital Expenditures th USD,99.21259842519686,0.7874015748031411
2016,Cash and cash equivalents th USD,100,0
2016,Cash flow [Net Income before D&A] th USD,100,0
2016,Depreciation th USD,96.8503937007874,3.149606299212607
2016,Equity in Net Earnings/Loss th USD,99.21259842519686,0.7874015748031411
2016,Financing Cash Flow Items th USD,99.21259842519686,0.7874015748031411
2016,ISIN number,100,0
2016,Investment in real estate th USD,100,0
2016,Listing status,100,0
2016,Loans & Borrowings th USD,100,0
2016,"Long Term Debt, Net th USD",99.21259842519686,0.7874015748031411
2016,Market price - Year to date - High USD,95.2755905511811,4.7244094488189035
2016,Market price - Year to date - Low USD,95.2755905511811,4.7244094488189035
2016,"NACE Rev. 2, core code (4 digits)",35.43307086614173,64.56692913385827
2016,Net Income th USD,98.4251968503937,1.5748031496062964
2016,Net assets th USD,96.8503937007874,3.149606299212607
2016,Net debt th USD,96.8503937007874,3.149606299212607
2016,No of companies in corporate group,0,100
2016,Number of directors & managers,0,100
2016,Number of employees,88.18897637795276,11.811023622047244
2016,Operating revenue (Turnover) th USD,87.4015748031496,12.5984251968504
2016,Other Investing Cash Flow th USD,98.4251968503937,1.5748031496062964
2016,Other non-operating and financial income (expenses) th USD,96.8503937007874,3.149606299212607
2016,P/L for period [=Net income] th USD,88.18897637795276,11.811023622047244
2016,Previous company name Latin Alphabet,100,0
2016,Purchase of Fixed Assets th USD,99.21259842519686,0.7874015748031411
2016,Purchase of Investments th USD,98.4251968503937,1.5748031496062964
2016,Purchase/Acquisition of Intangibles th USD,100,0
2016,Shareholders funds th USD,100,0
2016,"Short Term Debt, Net th USD",100,0
2016,Software Development Costs th USD,100,0
2016,Solvency ratio (Asset based),83.46456692913385,16.535433070866148
2016,Tax Identification Number (TIN),85.8267716535433,14.173228346456696
2016,Total Cash from Financing Activities th USD,98.4251968503937,1.5748031496062964
2016,Total Debt Issued th USD,100,0
2016,Total assets th USD,83.46456692913385,16.535433070866148
2016,Total liabilities th USD,96.8503937007874,3.149606299212607
2016,"US SIC, primary code(s)",35.43307086614173,64.56692913385827
2016,VAT/Tax number,91.33858267716536,8.661417322834637
2016,datinc,30.708661417322837,69.29133858267716
2017,Amortization & depletion th USD,96.8503937007874,3.149606299212607
2017,Amortization th USD,99.21259842519686,0.7874015748031411
2017,Capital Expenditures th USD,99.21259842519686,0.7874015748031411
2017,Cash and cash equivalents th USD,100,0
2017,Cash flow [Net Income before D&A] th USD,100,0
2017,Depreciation th USD,96.8503937007874,3.149606299212607
2017,Equity in Net Earnings/Loss th USD,99.21259842519686,0.7874015748031411
2017,Financing Cash Flow Items th USD,99.21259842519686,0.7874015748031411
2017,ISIN number,100,0
2017,Investment in real estate th USD,100,0
2017,Listing status,100,0
2017,Loans & Borrowings th USD,99.21259842519686,0.7874015748031411
2017,"Long Term Debt, Net th USD",99.21259842519686,0.7874015748031411
2017,Market price - Year to date - High USD,95.2755905511811,4.7244094488189035
2017,Market price - Year to date - Low USD,95.2755905511811,4.7244094488189035
2017,"NACE Rev. 2, core code (4 digits)",35.43307086614173,64.56692913385827
2017,Net Income th USD,98.4251968503937,1.5748031496062964
2017,Net assets th USD,96.8503937007874,3.149606299212607
2017,Net debt th USD,96.8503937007874,3.149606299212607
2017,No of companies in corporate group,0,100
2017,Number of directors & managers,0,100
2017,Number of employees,85.8267716535433,14.173228346456696
2017,Operating revenue (Turnover) th USD,88.18897637795276,11.811023622047244
2017,Other Investing Cash Flow th USD,98.4251968503937,1.5748031496062964
2017,Other non-operating and financial income (expenses) th USD,96.8503937007874,3.149606299212607
2017,P/L for period [=Net income] th USD,88.9763779527559,11.023622047244103
2017,Previous company name Latin Alphabet,100,0
2017,Purchase of Fixed Assets th USD,99.21259842519686,0.7874015748031411
2017,Purchase of Investments th USD,98.4251968503937,1.5748031496062964
2017,Purchase/Acquisition of Intangibles th USD,99.21259842519686,0.7874015748031411
2017,Shareholders funds th USD,100,0
2017,"Short Term Debt, Net th USD",100,0
2017,Software Development Costs th USD,100,0
2017,Solvency ratio (Asset based),84.25196850393701,15.748031496062993
2017,Tax Identification Number (TIN),85.8267716535433,14.173228346456696
2017,Total Cash from Financing Activities th USD,98.4251968503937,1.5748031496062964
2017,Total Debt Issued th USD,100,0
2017,Total assets th USD,83.46456692913385,16.535433070866148
2017,Total liabilities th USD,96.8503937007874,3.149606299212607
2017,"US SIC, primary code(s)",35.43307086614173,64.56692913385827
2017,VAT/Tax number,91.33858267716536,8.661417322834637
2017,datinc,30.708661417322837,69.29133858267716
2018,Amortization & depletion th USD,96.8503937007874,3.149606299212607
2018,Amortization th USD,99.21259842519686,0.7874015748031411
2018,Capital Expenditures th USD,98.4251968503937,1.5748031496062964
2018,Cash and cash equivalents th USD,100,0
2018,Cash flow [Net Income before D&A] th USD,100,0
2018,Depreciation th USD,96.8503937007874,3.149606299212607
2018,Equity in Net Earnings/Loss th USD,99.21259842519686,0.7874015748031411
2018,Financing Cash Flow Items th USD,99.21259842519686,0.7874015748031411
2018,ISIN number,100,0
2018,Investment in real estate th USD,100,0
2018,Listing status,100,0
2018,Loans & Borrowings th USD,99.21259842519686,0.7874015748031411
2018,"Long Term Debt, Net th USD",99.21259842519686,0.7874015748031411
2018,Market price - Year to date - High USD,95.2755905511811,4.7244094488189035
2018,Market price - Year to date - Low USD,95.2755905511811,4.7244094488189035
2018,"NACE Rev. 2, core code (4 digits)",35.43307086614173,64.56692913385827
2018,Net Income th USD,98.4251968503937,1.5748031496062964
2018,Net assets th USD,96.8503937007874,3.149606299212607
2018,Net debt th USD,96.8503937007874,3.149606299212607
2018,No of companies in corporate group,0,100
2018,Number of directors & managers,0,100
2018,Number of employees,85.8267716535433,14.173228346456696
2018,Operating revenue (Turnover) th USD,87.4015748031496,12.5984251968504
2018,Other Investing Cash Flow th USD,99.21259842519686,0.7874015748031411
2018,Other non-operating and financial income (expenses) th USD,96.8503937007874,3.149606299212607
2018,P/L for period [=Net income] th USD,88.9763779527559,11.023622047244103
2018,Previous company name Latin Alphabet,100,0
2018,Purchase of Fixed Assets th USD,99.21259842519686,0.7874015748031411
2018,Purchase of Investments th USD,98.4251968503937,1.5748031496062964
2018,Purchase/Acquisition of Intangibles th USD,98.4251968503937,1.5748031496062964
2018,Shareholders funds th USD,100,0
2018,"Short Term Debt, Net th USD",100,0
2018,Software Development Costs th USD,100,0
2018,Solvency ratio (Asset based),84.25196850393701,15.748031496062993
2018,Tax Identification Number (TIN),85.8267716535433,14.173228346456696
2018,Total Cash from Financing Activities th USD,98.4251968503937,1.5748031496062964
2018,Total Debt Issued th USD,100,0
2018,Total assets th USD,83.46456692913385,16.535433070866148
2018,Total liabilities th USD,96.8503937007874,3.149606299212607
2018,"US SIC, primary code(s)",35.43307086614173,64.56692913385827
2018,VAT/Tax number,91.33858267716536,8.661417322834637
2018,datinc,30.708661417322837,69.29133858267716
2019,Amortization & depletion th USD,96.8503937007874,3.149606299212607
2019,Amortization th USD,99.21259842519686,0.7874015748031411
2019,Capital Expenditures th USD,98.4251968503937,1.5748031496062964
2019,Cash and cash equivalents th USD,100,0
2019,Cash flow [Net Income before D&A] th USD,100,0
2019,Depreciation th USD,96.8503937007874,3.149606299212607
2019,Equity in Net Earnings/Loss th USD,98.4251968503937,1.5748031496062964
2019,Financing Cash Flow Items th USD,98.4251968503937,1.5748031496062964
2019,ISIN number,100,0
2019,Investment in real estate th USD,100,0
2019,Listing status,100,0
2019,Loans & Borrowings th USD,99.21259842519686,0.7874015748031411
2019,"Long Term Debt, Net th USD",99.21259842519686,0.7874015748031411
2019,Market price - Year to date - High USD,95.2755905511811,4.7244094488189035
2019,Market price - Year to date - Low USD,95.2755905511811,4.7244094488189035
2019,"NACE Rev. 2, core code (4 digits)",35.43307086614173,64.56692913385827
2019,Net Income th USD,98.4251968503937,1.5748031496062964
2019,Net assets th USD,96.8503937007874,3.149606299212607
2019,Net debt th USD,96.8503937007874,3.149606299212607
2019,No of companies in corporate group,0,100
2019,Number of directors & managers,0,100
2019,Number of employees,83.46456692913385,16.535433070866148
2019,Operating revenue (Turnover) th USD,85.8267716535433,14.173228346456696
2019,Other Investing Cash Flow th USD,99.21259842519686,0.7874015748031411
2019,Other non-operating and financial income (expenses) th USD,96.8503937007874,3.149606299212607
2019,P/L for period [=Net income] th USD,86.61417322834646,13.38582677165354
2019,Previous company name Latin Alphabet,100,0
2019,Purchase of Fixed Assets th USD,99.21259842519686,0.7874015748031411
2019,Purchase of Investments th USD,98.4251968503937,1.5748031496062964
2019,Purchase/Acquisition of Intangibles th USD,98.4251968503937,1.5748031496062964
2019,Shareholders funds th USD,100,0
2019,"Short Term Debt, Net th USD",100,0
2019,Software Development Costs th USD,100,0
2019,Solvency ratio (Asset based),83.46456692913385,16.535433070866148
2019,Tax Identification Number (TIN),85.8267716535433,14.173228346456696
2019,Total Cash from Financing Activities th USD,98.4251968503937,1.5748031496062964
2019,Total Debt Issued th USD,100,0
2019,Total assets th USD,81.88976377952756,18.110236220472444
2019,Total liabilities th USD,96.8503937007874,3.149606299212607
2019,"US SIC, primary code(s)",35.43307086614173,64.56692913385827
2019,VAT/Tax number,91.33858267716536,8.661417322834637
2019,datinc,30.708661417322837,69.29133858267716
2020,Amortization & depletion th USD,96.8503937007874,3.149606299212607
2020,Amortization th USD,100,0
2020,Capital Expenditures th USD,98.4251968503937,1.5748031496062964
2020,Cash and cash equivalents th USD,97.63779527559055,2.3622047244094517
2020,Cash flow [Net Income before D&A] th USD,89.76377952755905,10.236220472440948
2020,Depreciation th USD,96.8503937007874,3.149606299212607
2020,Equity in Net Earnings/Loss th USD,98.4251968503937,1.5748031496062964
2020,Financing Cash Flow Items th USD,98.4251968503937,1.5748031496062964
2020,ISIN number,100,0
2020,Investment in real estate th USD,100,0
2020,Listing status,100,0
2020,Loans & Borrowings th USD,99.21259842519686,0.7874015748031411
2020,"Long Term Debt, Net th USD",99.21259842519686,0.7874015748031411
2020,Market price - Year to date - High USD,95.2755905511811,4.7244094488189035
2020,Market price - Year to date - Low USD,95.2755905511811,4.7244094488189035
2020,"NACE Rev. 2, core code (4 digits)",35.43307086614173,64.56692913385827
2020,Net Income th USD,98.4251968503937,1.5748031496062964
2020,Net assets th USD,96.8503937007874,3.149606299212607
2020,Net debt th USD,96.8503937007874,3.149606299212607
2020,No of companies in corporate group,0,100
2020,Number of directors & managers,0,100
2020,Number of employees,81.88976377952756,18.110236220472444
2020,Operating revenue (Turnover) th USD,85.03937007874016,14.960629921259837
2020,Other Investing Cash Flow th USD,99.21259842519686,0.7874015748031411
2020,Other non-operating and financial income (expenses) th USD,96.8503937007874,3.149606299212607
2020,P/L for period [=Net income] th USD,85.03937007874016,14.960629921259837
2020,Previous company name Latin Alphabet,100,0
2020,Purchase of Fixed Assets th USD,99.21259842519686,0.7874015748031411
2020,Purchase of Investments th USD,98.4251968503937,1.5748031496062964
2020,Purchase/Acquisition of Intangibles th USD,99.21259842519686,0.7874015748031411
2020,Shareholders funds th USD,80.31496062992126,19.68503937007874
2020,"Short Term Debt, Net th USD",100,0
2020,Software Development Costs th USD,100,0
2020,Solvency ratio (Asset based),81.10236220472441,18.897637795275585
2020,Tax Identification Number (TIN),85.8267716535433,14.173228346456696
2020,Total Cash from Financing Activities th USD,98.4251968503937,1.5748031496062964
2020,Total Debt Issued th USD,99.21259842519686,0.7874015748031411
2020,Total assets th USD,80.31496062992126,19.68503937007874
2020,Total liabilities th USD,96.8503937007874,3.149606299212607
2020,"US SIC, primary code(s)",35.43307086614173,64.56692913385827
2020,VAT/Tax number,91.33858267716536,8.661417322834637
2020,datinc,30.708661417322837,69.29133858267716
2021,Amortization & depletion th USD,96.8503937007874,3.149606299212607
2021,Amortization th USD,100,0
2021,Capital Expenditures th USD,98.4251968503937,1.5748031496062964
2021,Cash and cash equivalents th USD,97.63779527559055,2.3622047244094517
2021,Cash flow [Net Income before D&A] th USD,89.76377952755905,10.236220472440948
2021,Depreciation th USD,96.8503937007874,3.149606299212607
2021,Equity in Net Earnings/Loss th USD,98.4251968503937,1.5748031496062964
2021,Financing Cash Flow Items th USD,98.4251968503937,1.5748031496062964
2021,ISIN number,100,0
2021,Investment in real estate th USD,100,0
2021,Listing status,100,0
2021,Loans & Borrowings th USD,98.4251968503937,1.5748031496062964
2021,"Long Term Debt, Net th USD",99.21259842519686,0.7874015748031411
2021,Market price - Year to date - High USD,95.2755905511811,4.7244094488189035
2021,Market price - Year to date - Low USD,95.2755905511811,4.7244094488189035
2021,"NACE Rev. 2, core code (4 digits)",35.43307086614173,64.56692913385827
2021,Net Income th USD,98.4251968503937,1.5748031496062964
2021,Net assets th USD,96.8503937007874,3.149606299212607
2021,Net debt th USD,96.8503937007874,3.149606299212607
2021,No of companies in corporate group,0,100
2021,Number of directors & managers,0,100
2021,Number of employees,81.10236220472441,18.897637795275585
2021,Operating revenue (Turnover) th USD,85.03937007874016,14.960629921259837
2021,Other Investing Cash Flow th USD,99.21259842519686,0.7874015748031411
2021,Other non-operating and financial income (expenses) th USD,96.8503937007874,3.149606299212607
2021,P/L for period [=Net income] th USD,85.03937007874016,14.960629921259837
2021,Previous company name Latin Alphabet,100,0
2021,Purchase of Fixed Assets th USD,99.21259842519686,0.7874015748031411
2021,Purchase of Investments th USD,98.4251968503937,1.5748031496062964
2021,Purchase/Acquisition of Intangibles th USD,99.21259842519686,0.7874015748031411
2021,Shareholders funds th USD,79.52755905511812,20.472440944881882
2021,"Short Term Debt, Net th USD",100,0
2021,Software Development Costs th USD,100,0
2021,Solvency ratio (Asset based),80.31496062992126,19.68503937007874
2021,Tax Identification Number (TIN),85.8267716535433,14.173228346456696
2021,Total Cash from Financing Activities th USD,98.4251968503937,1.5748031496062964
2021,Total Debt Issued th USD,99.21259842519686,0.7874015748031411
2021,Total assets th USD,79.52755905511812,20.472440944881882
2021,Total liabilities th USD,96.8503937007874,3.149606299212607
2021,"US SIC, primary code(s)",35.43307086614173,64.56692913385827
2021,VAT/Tax number,91.33858267716536,8.661417322834637
2021,datinc,30.708661417322837,69.29133858267716
2022,Amortization & depletion th USD,96.8503937007874,3.149606299212607
2022,Amortization th USD,100,0
2022,Capital Expenditures th USD,99.21259842519686,0.7874015748031411
2022,Cash and cash equivalents th USD,97.63779527559055,2.3622047244094517
2022,Cash flow [Net Income before D&A] th USD,88.9763779527559,11.023622047244103
2022,Depreciation th USD,96.8503937007874,3.149606299212607
2022,Equity in Net Earnings/Loss th USD,99.21259842519686,0.7874015748031411
2022,Financing Cash Flow Items th USD,99.21259842519686,0.7874015748031411
2022,ISIN number,100,0
2022,Investment in real estate th USD,100,0
2022,Listing status,100,0
2022,Loans & Borrowings th USD,98.4251968503937,1.5748031496062964
2022,"Long Term Debt, Net th USD",98.4251968503937,1.5748031496062964
2022,Market price - Year to date - High USD,95.2755905511811,4.7244094488189035
2022,Market price - Year to date - Low USD,95.2755905511811,4.7244094488189035
2022,"NACE Rev. 2, core code (4 digits)",35.43307086614173,64.56692913385827
2022,Net Income th USD,98.4251968503937,1.5748031496062964
2022,Net assets th USD,96.8503937007874,3.149606299212607
2022,Net debt th USD,96.8503937007874,3.149606299212607
2022,No of companies in corporate group,0,100
2022,Number of directors & managers,0,100
2022,Number of employees,77.95275590551181,22.047244094488192
2022,Operating revenue (Turnover) th USD,82.67716535433071,17.32283464566929
2022,Other Investing Cash Flow th USD,99.21259842519686,0.7874015748031411
2022,Other non-operating and financial income (expenses) th USD,96.8503937007874,3.149606299212607
2022,P/L for period [=Net income] th USD,82.67716535433071,17.32283464566929
2022,Previous company name Latin Alphabet,100,0
2022,Purchase of Fixed Assets th USD,99.21259842519686,0.7874015748031411
2022,Purchase of Investments th USD,99.21259842519686,0.7874015748031411
2022,Purchase/Acquisition of Intangibles th USD,100,0
2022,Shareholders funds th USD,76.37795275590551,23.62204724409449
2022,"Short Term Debt, Net th USD",100,0
2022,Software Development Costs th USD,100,0
2022,Solvency ratio (Asset based),77.16535433070865,22.834645669291348
2022,Tax Identification Number (TIN),85.8267716535433,14.173228346456696
2022,Total Cash from Financing Activities th USD,98.4251968503937,1.5748031496062964
2022,Total Debt Issued th USD,100,0
2022,Total assets th USD,76.37795275590551,23.62204724409449
2022,Total liabilities th USD,96.8503937007874,3.149606299212607
2022,"US SIC, primary code(s)",35.43307086614173,64.56692913385827
2022,VAT/Tax number,91.33858267716536,8.661417322834637
2022,datinc,30.708661417322837,69.29133858267716
2023,Amortization & depletion th USD,96.06299212598425,3.937007874015748
2023,Amortization th USD,100,0
2023,Capital Expenditures th USD,99.21259842519686,0.7874015748031411
2023,Cash and cash equivalents th USD,96.8503937007874,3.149606299212607
2023,Cash flow [Net Income before D&A] th USD,88.9763779527559,11.023622047244103
2023,Depreciation th USD,96.06299212598425,3.937007874015748
2023,Equity in Net Earnings/Loss th USD,99.21259842519686,0.7874015748031411
2023,Financing Cash Flow Items th USD,99.21259842519686,0.7874015748031411
2023,ISIN number,100,0
2023,Investment in real estate th USD,100,0
2023,Listing status,100,0
2023,Loans & Borrowings th USD,98.4251968503937,1.5748031496062964
2023,"Long Term Debt, Net th USD",98.4251968503937,1.5748031496062964
2023,Market price - Year to date - High USD,95.2755905511811,4.7244094488189035
2023,Market price - Year to date - Low USD,95.2755905511811,4.7244094488189035
2023,"NACE Rev. 2, core code (4 digits)",35.43307086614173,64.56692913385827
2023,Net Income th USD,98.4251968503937,1.5748031496062964
2023,Net assets th USD,96.06299212598425,3.937007874015748
2023,Net debt th USD,96.06299212598425,3.937007874015748
2023,No of companies in corporate group,0,100
2023,Number of directors & managers,0,100
2023,Number of employees,75.59055118110236,24.409448818897644
2023,Operating revenue (Turnover) th USD,80.31496062992126,19.68503937007874
2023,Other Investing Cash Flow th USD,99.21259842519686,0.7874015748031411
2023,Other non-operating and financial income (expenses) th USD,96.8503937007874,3.149606299212607
2023,P/L for period [=Net income] th USD,78.74015748031496,21.259842519685037
2023,Previous company name Latin Alphabet,100,0
2023,Purchase of Fixed Assets th USD,99.21259842519686,0.7874015748031411
2023,Purchase of Investments th USD,99.21259842519686,0.7874015748031411
2023,Purchase/Acquisition of Intangibles th USD,100,0
2023,Shareholders funds th USD,69.29133858267717,30.70866141732283
2023,"Short Term Debt, Net th USD",100,0
2023,Software Development Costs th USD,100,0
2023,Solvency ratio (Asset based),70.86614173228347,29.133858267716533
2023,Tax Identification Number (TIN),85.8267716535433,14.173228346456696
2023,Total Cash from Financing Activities th USD,98.4251968503937,1.5748031496062964
2023,Total Debt Issued th USD,100,0
2023,Total assets th USD,69.29133858267717,30.70866141732283
2023,Total liabilities th USD,96.06299212598425,3.937007874015748
2023,"US SIC, primary code(s)",35.43307086614173,64.56692913385827
2023,VAT/Tax number,91.33858267716536,8.661417322834637
2023,datinc,30.708661417322837,69.29133858267716
2024,Amortization & depletion th USD,96.06299212598425,3.937007874015748
2024,Amortization th USD,100,0
2024,Capital Expenditures th USD,99.21259842519686,0.7874015748031411
2024,Cash and cash equivalents th USD,96.06299212598425,3.937007874015748
2024,Cash flow [Net Income before D&A] th USD,88.9763779527559,11.023622047244103
2024,Depreciation th USD,96.06299212598425,3.937007874015748
2024,Equity in Net Earnings/Loss th USD,99.21259842519686,0.7874015748031411
2024,Financing Cash Flow Items th USD,98.4251968503937,1.5748031496062964
2024,ISIN number,100,0
2024,Investment in real estate th USD,100,0
2024,Listing status,100,0
2024,Loans & Borrowings th USD,99.21259842519686,0.7874015748031411
2024,"Long Term Debt, Net th USD",99.21259842519686,0.7874015748031411
2024,Market price - Year to date - High USD,95.2755905511811,4.7244094488189035
2024,Market price - Year to date - Low USD,95.2755905511811,4.7244094488189035
2024,"NACE Rev. 2, core code (4 digits)",35.43307086614173,64.56692913385827
2024,Net Income th USD,98.4251968503937,1.5748031496062964
2024,Net assets th USD,96.06299212598425,3.937007874015748
2024,Net debt th USD,96.06299212598425,3.937007874015748
2024,No of companies in corporate group,0,100
2024,Number of directors & managers,0,100
2024,Number of employees,25.984251968503933,74.01574803149606
2024,Operating revenue (Turnover) th USD,33.85826771653544,66.14173228346456
2024,Other Investing Cash Flow th USD,99.21259842519686,0.7874015748031411
2024,Other non-operating and financial income (expenses) th USD,96.06299212598425,3.937007874015748
2024,P/L for period [=Net income] th USD,78.74015748031496,21.259842519685037
2024,Previous company name Latin Alphabet,100,0
2024,Purchase of Fixed Assets th USD,99.21259842519686,0.7874015748031411
2024,Purchase of Investments th USD,98.4251968503937,1.5748031496062964
2024,Purchase/Acquisition of Intangibles th USD,100,0
2024,Shareholders funds th USD,67.71653543307087,32.283464566929126
2024,"Short Term Debt, Net th USD",100,0
2024,Software Development Costs th USD,100,0
2024,Solvency ratio (Asset based),69.29133858267717,30.70866141732283
2024,Tax Identification Number (TIN),85.8267716535433,14.173228346456696
2024,Total Cash from Financing Activities th USD,98.4251968503937,1.5748031496062964
2024,Total Debt Issued th USD,100,0
2024,Total assets th USD,67.71653543307087,32.283464566929126
2024,Total liabilities th USD,96.06299212598425,3.937007874015748
2024,"US SIC, primary code(s)",35.43307086614173,64.56692913385827
2024,VAT/Tax number,91.33858267716536,8.661417322834637
2024,datinc,30.708661417322837,69.29133858267716
